claim_id,claim,theorem_or_proof,checker,source,experiment,figure_or_table,raw_result,maturity,fresh_recheck,independent_recheck
T1,Simultaneous categorical total-variation confidence is valid at every random completed chronological-prefix length,paper/main.tex Lemma 1; proofs/analysis.md §2,tests/check_exact.py exercises dependent audit schedules but the general statement is a hand proof,Weissman et al. inequality plus own optional-stopping-free prefix argument,All retained audit schedules,Lemma 1; Appendix A,proofs/analysis.md; results/exact_checks.json,hand_proved,"2026-09-18: final clean extraction reproduced 26/26 deterministic scientific outputs and 8/8 paper fragments; relevant source, proof, code, result, and build gates rechecked",No independent or blind review; internal artifact-only verification
T2,"Distance to the categorical completion polytope equals the positive lower-count deficit; both the fractional polytope and integer completion set have exact total-variation diameter u/N, which is unavoidable for any record-only set containing all integer completions",paper/main.tex Lemma 2; proofs/analysis.md §3,"tests/check_exact.py completion projection, implementation-distance cross-check, and exact-diameter enumeration",Own finite-dimensional geometry,"1,973 projection lattice cases; 3,320 implementation-vs-formula states; 209 exhaustive finite count states",Lemma 2; Appendix A; Table 2,results/exact_checks.json,hand_proved_and_finite_checked,"2026-09-18: final clean extraction reproduced 26/26 deterministic scientific outputs and 8/8 paper fragments; relevant source, proof, code, result, and build gates rechecked",No independent or blind review; internal artifact-only verification
T3,"Prefix, completion, and intersection confidence sets cover the true law on the simultaneous event; same-history intersection width is no larger than either component width",paper/main.tex Lemma 3; proofs/analysis.md §4,tests/check_exact.py selected-return and audit-order controls,Own construction; delayed-feedback context from cited literature,Finite fork audit schedules,Lemma 3; Figure 1,proofs/analysis.md; results/exact_checks.json,hand_proved,"2026-09-18: final clean extraction reproduced 26/26 deterministic scientific outputs and 8/8 paper fragments; relevant source, proof, code, result, and build gates rechecked",No independent or blind review; internal artifact-only verification
T4,Fixed-policy value sensitivity is bounded by actual launched-type occupancy times categorical total variation and the centered residual range,paper/main.tex Lemma 4; proofs/analysis.md §5,tests/check_exact.py coupling enumeration,Own coupling specialized to finite causal policies; related to triggered-bandit smoothness,"19,683 model-policy coupling checks",Lemma 4,results/exact_checks.json,hand_proved_and_finite_checked,"2026-09-18: final clean extraction reproduced 26/26 deterministic scientific outputs and 8/8 paper fragments; relevant source, proof, code, result, and build gates rechecked",No independent or blind review; internal artifact-only verification
T5,Chronological-prefix exposure is bounded by an estimation term plus prefix debt,"paper/main.tex Lemma 5, Eq. (12); proofs/analysis.md §6",tests/check_exact.py prefix-counting enumeration,Own batch-index counting argument,"26,244 launch sequences",Lemma 5,results/exact_checks.json,hand_proved_and_finite_checked,"2026-09-18: final clean extraction reproduced 26/26 deterministic scientific outputs and 8/8 paper fragments; relevant source, proof, code, result, and build gates rechecked",No independent or blind review; internal artifact-only verification
T6,Completion-width exposure is bounded by the same estimation term plus launch-normalized unresolved-mass exposure,"paper/main.tex Lemma 5, Eq. (13); proofs/analysis.md §6",tests/check_exact.py completion-counting enumeration,Own completion-mass accounting,"26,244 launch sequences",Lemma 5,results/exact_checks.json,hand_proved_and_finite_checked,"2026-09-18: final clean extraction reproduced 26/26 deterministic scientific outputs and 8/8 paper fragments; relevant source, proof, code, result, and build gates rechecked",No independent or blind review; internal artifact-only verification
T7,"The intersection learner has expected pseudo-regret controlled by the smaller of chronological prefix debt and launch-normalized unresolved-mass exposure, plus estimation, planning, and failure terms",paper/main.tex Theorem 6; proofs/analysis.md §7,"Exact oracle/coupling checks and regenerated finite campaigns test ingredients, not the general theorem",Own theorem under the finite audited model,27-model finite fork plus exact component checks,Theorem 6,proofs/analysis.md; results/exact_checks.json,hand_proved_with_finite_component_checks,"2026-09-18: final clean extraction reproduced 26/26 deterministic scientific outputs and 8/8 paper fragments; relevant source, proof, code, result, and build gates rechecked",No independent or blind review; internal artifact-only verification
T8,"With unit batches and at most U outstanding same-type audits, unresolved-mass exposure is bounded by the sharp attainable envelope Psi_U(n)=sum_{s=1}^{n-1} min{U,s}/s; one blocker gives H_{n-1}",paper/main.tex Corollary 7; proofs/analysis.md §8,tests/check_exact.py saturated outstanding-envelope enumeration; report.py scaling reconciliation,Own exact record-geometry envelope; harmonic weighting itself is not claimed as novel,"8,704 saturated schedules; 600 scaling rows attain the envelope",Corollary 7; Figures 2 and 4; Table 6,results/exact_checks.json; results/scale_checks.json; results/width_curve.dat,hand_proved_finite_checked_and_measured,"2026-09-18: final clean extraction reproduced 26/26 deterministic scientific outputs and 8/8 paper fragments; relevant source, proof, code, result, and build gates rechecked",No independent or blind review; internal artifact-only verification
T9,Limited probing waste in one environment constrains distinguishability from a neighboring environment,paper/main.tex Proposition 8; proofs/analysis.md §9,tests/check_exact.py exact two-environment calculation,Standard adaptive change-of-measure specialization; independently written proof,Exact two-environment instance,Proposition 8,results/exact_checks.json,hand_proved_standard_specialization,"2026-09-18: final clean extraction reproduced 26/26 deterministic scientific outputs and 8/8 paper fragments; relevant source, proof, code, result, and build gates rechecked",No independent or blind review; internal artifact-only verification
F1,Two root laws with identical outcome and duration marginals have different best pending actions; the product oracle loses 63/128 per episode in the positive-correlation law,paper/main.tex §6.2; proofs/analysis.md §10,tests/check_exact.py exact enumeration,Own exact counterexample,64 latent worlds per policy value,Boundary counterexample,results/exact_checks.json; results/oracle_values.csv,finite_counterexample,"2026-09-18: final clean extraction reproduced 26/26 deterministic scientific outputs and 8/8 paper fragments; relevant source, proof, code, result, and build gates rechecked",No independent or blind review; internal artifact-only verification
F2,One unresolved oldest audit can coexist with maximum unreturned count one while creating 256 positions of chronological prefix debt in the exact counterexample and 511 in the horizon-512 stress schedule,paper/main.tex §6.3 and §7.4; proofs/analysis.md §10,tests/check_exact.py; report.py stress reconciliation,Own exact construction and frozen stress input,"Exact 256-launch example; 1,512-run stress campaign",Figure 4; Table 5,results/exact_checks.json; results/stress_checks.json,finite_counterexample_and_measured_stress,"2026-09-18: final clean extraction reproduced 26/26 deterministic scientific outputs and 8/8 paper fragments; relevant source, proof, code, result, and build gates rechecked",No independent or blind review; internal artifact-only verification
F3,A value-selected returned subset can have empirical success rate zero while the full length-80 launch tape has rate one half,paper/main.tex §6.3; proofs/analysis.md §10,tests/check_exact.py selected-return tape,Known selection-bias phenomenon instantiated exactly,80 marks; 40 returned; completed prefix length one,Boundary counterexample,results/exact_checks.json,finite_counterexample,"2026-09-18: final clean extraction reproduced 26/26 deterministic scientific outputs and 8/8 paper fragments; relevant source, proof, code, result, and build gates rechecked",No independent or blind review; internal artifact-only verification
F4,Independent rational formulas match all 729 policy value/waste/launch triplets and all 27 oracle minima,paper/main.tex §7.2,tests/check_exact.py direct enumeration and backward calculation,Own implementation,27 models × 27 policies × 64 worlds,Table 2,results/exact_checks.json; results/oracle_values.csv,finite_checked_exact_arithmetic,"2026-09-18: final clean extraction reproduced 26/26 deterministic scientific outputs and 8/8 paper fragments; relevant source, proof, code, result, and build gates rechecked",No independent or blind review; internal artifact-only verification
F5,Unlaunched marks do not affect episode outputs; audit-order permutations preserve the required prefix/completion invariants; learner selection uses observation-only snapshots,paper/main.tex §7.2 and Appendix C,"tests/check_exact.py noninterference, audit-order, and selection-information checks",Own implementation,"9,216 noninterference; 96 audit-order; five selector-information checks",Table 2,results/exact_checks.json,finite_checked_information_boundary,"2026-09-18: final clean extraction reproduced 26/26 deterministic scientific outputs and 8/8 paper fragments; relevant source, proof, code, result, and build gates rechecked",No independent or blind review; internal artifact-only verification
E1,Every retained pilot run and learning-curve prefix reconciles with the complete episode trace,paper/main.tex §7.3,run.py verify; report.py,Own frozen input,"252 runs; 129,024 episodes; 4,032 curve rows",Tables 3-4; Figure 3,results/episode_trace.csv; results/runs.csv; results/curves.csv; results/report_checks.json,measured_and_reconciled,"2026-09-18: final clean extraction reproduced 26/26 deterministic scientific outputs and 8/8 paper fragments; relevant source, proof, code, result, and build gates rechecked",No independent or blind review; internal artifact-only verification
E2,Completed-only confidence excludes the true law in 213 dependent pilot episode records whereas prefix and intersection have zero exclusions in the same pilot,paper/main.tex §7.3,report.py exclusion aggregation,Own frozen input,All 252 pilot runs,Table 3 context,results/aggregate.csv; results/episode_trace.csv; results/report_checks.json,measured_negative_control,"2026-09-18: final clean extraction reproduced 26/26 deterministic scientific outputs and 8/8 paper fragments; relevant source, proof, code, result, and build gates rechecked",No independent or blind review; internal artifact-only verification
E3,"The all-dictionary stress campaign contains 1,512 runs, 774,144 episodes, and 24,192 retained curve rows across all 27 laws, four seeds, seven methods, and two audit scenarios",paper/main.tex §7.4,run.py stress; report.py,Own frozen input,Full stress grid,Table 5; Figure 4,results/stress_runs.csv; results/stress_curves.csv; results/stress_checks.json,measured_and_reconciled,"2026-09-18: final clean extraction reproduced 26/26 deterministic scientific outputs and 8/8 paper fragments; relevant source, proof, code, result, and build gates rechecked",No independent or blind review; internal artifact-only verification
E4,"Under outcome-dependent lag 64, intersection has lower pseudo-regret than prefix in 69 of 108 paired truth-seed cells, ties in 31, and is worse in eight; mean paired difference is -4.7967",paper/main.tex §7.4,report.py paired aggregation,Own frozen input,108 paired cells,Table 5,results/stress_pairwise.csv; results/stress_checks.json,measured_descriptive_not_hypothesis_test,"2026-09-18: final clean extraction reproduced 26/26 deterministic scientific outputs and 8/8 paper fragments; relevant source, proof, code, result, and build gates rechecked",No independent or blind review; internal artifact-only verification
E5,"Under the single-blocker schedule, maximum unreturned count is one and maximum prefix debt is 511; intersection mean pseudo-regret is 7.51 versus 72.59 for prefix and is lower in 76 of 108 paired cells",paper/main.tex §7.4,report.py paired and exposure aggregation,Own frozen input,108 paired cells; all 27 truths,Table 5; Figure 4,results/stress_aggregate.csv; results/stress_pairwise.csv; results/stress_checks.json,measured_mechanism_stress_test,"2026-09-18: final clean extraction reproduced 26/26 deterministic scientific outputs and 8/8 paper fragments; relevant source, proof, code, result, and build gates rechecked",No independent or blind review; internal artifact-only verification
E6,"Completed-only confidence remains an invalid general learner: under outcome-dependent lag 64 it records 2,234 truth exclusions and 2,200 safe fallbacks",paper/main.tex §7.4,report.py truth-exclusion/fallback aggregation,Own frozen input,Outcome-lag stress scenario,Table 5 context,results/stress_aggregate.csv; results/stress_runs.csv,measured_negative_control,"2026-09-18: final clean extraction reproduced 26/26 deterministic scientific outputs and 8/8 paper fragments; relevant source, proof, code, result, and build gates rechecked",No independent or blind review; internal artifact-only verification
E7,The displayed finite-horizon analytical bounds remain above the trivial LT bound at horizon 512,paper/main.tex §7.5,report.py bound evaluation,Theorem parameters from the frozen finite fork,"Pilot lags 0, 16, and 64",Resource and bound calibration,results/bound_values.csv,calculated_unfavorable_calibration,"2026-09-18: final clean extraction reproduced 26/26 deterministic scientific outputs and 8/8 paper fragments; relevant source, proof, code, result, and build gates rechecked",No independent or blind review; internal artifact-only verification
E8,"All retained scientific runners use one worker per command; the retained reference run records slowest stress and scaling shards of 5.61 and 7.23 CPU seconds, while clean-reproduction timings vary by environment; maximum retained command-level peak RSS is 124,596 KiB",artifact runner resource accounting,run.py execution records,Own bounded standard-library implementation,"Exact check, pilot, eight stress shards plus merge, four scale shards plus merge, and verification",Paper §7.6 resource calibration,results/check_execution.json; results/pilot_execution.json; results/stress_execution.json; results/scale_execution.json; results/verify_execution.json,measured_resource_record,"2026-09-18: retained reference execution records reconciled; clean extraction reproduced identical science with slowest shards 7.02/8.75 CPU seconds and 124,588 KiB maximum command-level peak RSS",No independent or blind review; internal artifact-only verification
E9,"The prespecified horizon/backlog campaign contains 600 runs and 476,160 episodes; all 600 rows attain the sharp descriptor envelope, and intersection is never worse than prefix in any paired cell across ten blocker/horizon slices",paper/main.tex §7.5; run.py scale; report.py,report.py exact-envelope and paired-cell reconciliation,Own frozen scaling input,Five horizons × two blocker counts × three truths × four seeds × five methods,Table 6,results/scale_runs.csv; results/scale_summary.csv; results/scale_pairwise.csv; results/scale_checks.json,measured_and_reconciled,"2026-09-18: final clean extraction reproduced 26/26 deterministic scientific outputs and 8/8 paper fragments; relevant source, proof, code, result, and build gates rechecked",No independent or blind review; internal artifact-only verification
L1,"The manuscript cites 85 distinct scholarly references with no nocite wildcard, missing key, or uncited BibTeX entry",paper/main.tex and paper/references.bib citation audit,Static bibliography-key/citation-set comparison,85 scholarly works; workflow sources kept outside the research-reference count,All manuscript citations,Related work and bibliography,reference_audit.csv; external_resources.csv; source_passages.csv,source_audited,"2026-09-18: final clean extraction reproduced 26/26 deterministic scientific outputs and 8/8 paper fragments; relevant source, proof, code, result, and build gates rechecked",No independent or blind review; internal artifact-only verification
L2,"The closest-work delta is limited to exact identified categorical completion geometry, launch normalization, and causal occupancy coupling; harmonic weighting and outstanding-feedback charges are explicitly not claimed as novel",paper/main.tex §2; proofs/analysis.md §12; research-plan.md closest-work delta,Passage-level close-work audit including 2024--2026 delayed-learning and speculative-selection additions,"Delayed learning, missing outcomes, temporal feedback graphs, capacity-constrained delay, CMAB-MT, and speculative-decoder selection literature",Not applicable,Related-work comparison table,external_resources.csv; source_passages.csv; reference_audit.csv,literature_bounded_not_priority_certified,"2026-09-18: final clean extraction reproduced 26/26 deterministic scientific outputs and 8/8 paper fragments; relevant source, proof, code, result, and build gates rechecked",No independent or blind review; internal artifact-only verification
R1,"Documented exact-check, pilot, deterministic stress shards, deterministic scaling shards, merge validation, verification, reporting, smoke, and paper-build commands reproduce the retained evidence from a clean extraction",artifact/README.md reproduction instructions; paper/build.py,Clean-extraction command sequence and byte comparisons,Own project archive,Final clean reproduction,CURRENT-STATE.md clean reproduction,results/clean_reproduction.json,clean_reproduced,"2026-09-18: clean extraction regenerated 26/26 deterministic scientific outputs and 8/8 paper fragments, passed merge guards, smoke, clean 35-page/85-reference build, and 35-page render inspection",No independent or blind review; internal artifact-only verification; timing records and PDF metadata are nondeterministic
